{"created_at":"2017-09-28T06:06:44.057Z","updated_at":"2017-09-28T06:06:49.125Z","title":"Category","uid":"category","inbuilt_class":false,"schema":[{"display_name":"Title","uid":"title","data_type":"text","mandatory":true,"unique":true,"field_metadata":{"_default":true},"multiple":false}],"last_activity":{"environments":[{"uid":"blt922581483b3573b4","details":[{"locale":"en-us","time":"2017-09-28T09:43:24.027Z"}]}]},"maintain_revisions":true,"description":"","options":{"is_page":false,"singleton":false,"title":"title","sub_title":[]},"abilities":{"get_one_object":true,"get_all_objects":true,"create_object":true,"update_object":true,"delete_object":true,"delete_all_objects":true},"DEFAULT_ACL":{"others":{"read":false,"create":false}}}