{"created_at":"2017-09-28T06:04:02.500Z","updated_at":"2017-09-28T07:13:13.612Z","title":"Product","uid":"product","inbuilt_class":false,"schema":[{"display_name":"Title","uid":"title","data_type":"text","mandatory":true,"unique":true,"field_metadata":{"_default":true},"multiple":false},{"display_name":"URL","uid":"url","data_type":"text","mandatory":false,"field_metadata":{"_default":true},"multiple":false,"unique":false},{"data_type":"text","display_name":"Price","uid":"price","field_metadata":{"description":"","default_value":""},"format":"","error_messages":{"format":""},"multiple":false,"mandatory":false,"unique":false},{"data_type":"text","display_name":"Discounted Price","uid":"discounted_price","field_metadata":{"description":"","default_value":""},"format":"","error_messages":{"format":""},"multiple":false,"mandatory":false,"unique":false},{"data_type":"file","display_name":"Featured Image","uid":"featured_image","extensions":[],"field_metadata":{"description":"","rich_text_type":"standard"},"multiple":false,"mandatory":false,"unique":false},{"data_type":"file","display_name":"Product Images","uid":"product_images","extensions":[],"field_metadata":{"description":"","rich_text_type":"standard"},"multiple":true,"mandatory":false,"unique":false},{"data_type":"text","display_name":"Description","uid":"description","field_metadata":{"description":"","default_value":"","multiline":true},"format":"","error_messages":{"format":""},"multiple":false,"mandatory":false,"unique":false},{"data_type":"reference","display_name":"Categories","reference_to":"category","field_metadata":{"ref_multiple":true},"uid":"categories","multiple":false,"mandatory":false,"unique":false},{"data_type":"reference","display_name":"Related Products","reference_to":"product","field_metadata":{"ref_multiple":true},"uid":"related_products","mandatory":false,"multiple":false,"unique":false}],"last_activity":{"environments":[{"uid":"blt922581483b3573b4","details":[{"locale":"en-us","time":"2017-09-28T09:43:24.028Z"}]}]},"maintain_revisions":true,"description":"","options":{"is_page":true,"singleton":false,"title":"title","sub_title":[],"url_pattern":"/:unique_id","url_prefix":"/products/"},"abilities":{"get_one_object":true,"get_all_objects":true,"create_object":true,"update_object":true,"delete_object":true,"delete_all_objects":true},"DEFAULT_ACL":{"others":{"read":false,"create":false}}}